name,sym,blockchain,address
ADA Fireblocks Parent,ADA,Cardano,addr1q9zrp5puzh68f6cr6fch4aayzk9edguaf502na9edhc00tw7fxdtuqk56k5aueh6yu2qz6gm56wj8ttyhnyrw9e8fh4q3uv0cp
ADA Fireblocks Parent,ADA,Cardano,addr1q85jatcayqhjk8er2hp7djx672wmqkvr5p05njrpptwmqs77fxdtuqk56k5aueh6yu2qz6gm56wj8ttyhnyrw9e8fh4q8u35az
ADA Fireblocks Parent,ADA,Cardano,addr1qya88dwvqylqdjdmdfpd4zmt7l3r5yynq39l2n6q3ztrhtx7fxdtuqk56k5aueh6yu2qz6gm56wj8ttyhnyrw9e8fh4qxjlyfk
ADA Fireblocks Parent,ADA,Cardano,addr1qyg8nxmuc2k8ecvmp976hk4tzx972a0lqhyxhszxvtfsk077fxdtuqk56k5aueh6yu2qz6gm56wj8ttyhnyrw9e8fh4q2xhzz7
ADA Fireblocks Parent,ADA,Cardano,addr1qy73uldans383ypkgk9tsl4lw5p83jfatlvl7ed5nce0z4w7fxdtuqk56k5aueh6yu2qz6gm56wj8ttyhnyrw9e8fh4qswdlyk
ADA Fireblocks Parent,ADA,Cardano,addr1qy83tnkr8nu77w5j97j58hmmxtggk2f5t8aa9khjdcg92dx7fxdtuqk56k5aueh6yu2qz6gm56wj8ttyhnyrw9e8fh4qxgzdyz
ADA Fireblocks OTC,ADA,Cardano,addr1q95839wucc5mwcjqz3r3v9cjrry5x4hv085gea3plq8a9f9l8wxumhsc8qvl7w544cy8kz0vf4gklnsah6st06n0hcfs04mzy3
ADA Fireblocks USA,ADA,Cardano,addr1q872xzgm4dr8ta2nwv78jzfmt8cde4v37y2e6tuu8vz6lwjksd9hxhrcl5mff7q3kn4g423dakdtjl5dm0c5qxz7puzs4ttqr3
ADA Fireblocks Parent,ADA,Cardano,addr1q9pnnxgvyxjnjudsugpewj32m3ur22p436zzw7q6zf7urjx7fxdtuqk56k5aueh6yu2qz6gm56wj8ttyhnyrw9e8fh4qw2jxwe
ADA Fireblocks Parent,ADA,Cardano,addr1qye0kcjn9gncnz78e3fgar235yexknh7hymjwq4fclndnfx7fxdtuqk56k5aueh6yu2qz6gm56wj8ttyhnyrw9e8fh4qhlujqw
ADA Fireblocks Parent,ADA,Cardano,addr1q8n62gx2wyaa29v8jqy9w3tdzrzxakuvt5pw7xrvjdvy26w7fxdtuqk56k5aueh6yu2qz6gm56wj8ttyhnyrw9e8fh4qy57f3n
ADA Fireblocks Parent,ADA,Cardano,addr1qyum9f2cr7hsmuk45jj25p5tpn0a3p2r2r6zwr9ggufncpw7fxdtuqk56k5aueh6yu2qz6gm56wj8ttyhnyrw9e8fh4qltut38
ADA Fireblocks Parent,ADA,Cardano,addr1q9ecu654ketvzcxqf3aha5sp78ggjqh2nxkk6ppmvvwyjjk7fxdtuqk56k5aueh6yu2qz6gm56wj8ttyhnyrw9e8fh4qgdv9wv
ADA Fireblocks Parent,ADA,Cardano,addr1qypx05k96xdxaurt44e5qkcuz2nadqmhh0ashahzk080dpx7fxdtuqk56k5aueh6yu2qz6gm56wj8ttyhnyrw9e8fh4q3rll0c
ADA Fireblocks Parent,ADA,Cardano,addr1qyc7j8j7d4eglsyj8kh559njd56vhfjqdn066l8hx4zlpsw7fxdtuqk56k5aueh6yu2qz6gm56wj8ttyhnyrw9e8fh4qve23zh
ADA Fireblocks Parent,ADA,Cardano,addr1qyrvhz4847zqesnh53xsrf53wea9nwswl0aaah480qhysnk7fxdtuqk56k5aueh6yu2qz6gm56wj8ttyhnyrw9e8fh4qd8eu4k
ADA Fireblocks Parent,ADA,Cardano,addr1qyp54khk742ja0feg3hnshqsgv9u5nzwzykpmfkyk8qkwhw7fxdtuqk56k5aueh6yu2qz6gm56wj8ttyhnyrw9e8fh4qtzq2u0
ADA Fireblocks Parent,ADA,Cardano,addr1qy7klaxvx7s9q4s7dn6rlqkkjf2w6u8tzzwvykn9en8nu677fxdtuqk56k5aueh6yu2qz6gm56wj8ttyhnyrw9e8fh4qfr4dzw
ADA Fireblocks Parent,ADA,Cardano,addr1q9d2s527jxqyw6l7f8ttdy9ka2qp5d6uheajctj0gfmtflk7fxdtuqk56k5aueh6yu2qz6gm56wj8ttyhnyrw9e8fh4qea6lx2
ADA Fireblocks Parent,ADA,Cardano,addr1qy6amwpmj5f4szrf0zhw0rvnj8jyz9659uvq2khrmg78jzx7fxdtuqk56k5aueh6yu2qz6gm56wj8ttyhnyrw9e8fh4q7ce3fz
ADA Fireblocks Parent,ADA,Cardano,addr1qy4s4e5n9jsusxptx9hpmfdjj3640kagddglat4v4sllmj77fxdtuqk56k5aueh6yu2qz6gm56wj8ttyhnyrw9e8fh4qvgysqu
ADA Fireblocks Parent,ADA,Cardano,addr1qx4q6fjjmc8j353jj2vda0j55nv78t83kphs560y8f4q9wk7fxdtuqk56k5aueh6yu2qz6gm56wj8ttyhnyrw9e8fh4qj0je83
ADA Fireblocks Parent,ADA,Cardano,addr1q9s2vp7d84xhutlvwherd0d93yzxess70x7g5xcuu5tuz2k7fxdtuqk56k5aueh6yu2qz6gm56wj8ttyhnyrw9e8fh4qrgufw5
ADA Fireblocks Parent,ADA,Cardano,addr1qy342cmtxt3hp7fre03kpmhar9yaqv0pn4fvtcnnw9un0v77fxdtuqk56k5aueh6yu2qz6gm56wj8ttyhnyrw9e8fh4qg6e880
ADA Fireblocks Parent,ADA,Cardano,addr1q8quutm2as2j6n040jnve2tatyj35h8wvefh2r2e9mzg4sw7fxdtuqk56k5aueh6yu2qz6gm56wj8ttyhnyrw9e8fh4q7pn570
ADA Fireblocks Parent,ADA,Cardano,addr1qxycyahr8jrvwwmk6suxvh6vc9x5pg7dlpp4cra4h7pkwlx7fxdtuqk56k5aueh6yu2qz6gm56wj8ttyhnyrw9e8fh4q68ts9m
ADA Fireblocks Parent,ADA,Cardano,addr1q9kks88uh0pg6hn3n5j33tflsw6wvan27x693sh877vy0l77fxdtuqk56k5aueh6yu2qz6gm56wj8ttyhnyrw9e8fh4qsudc34
ADA Fireblocks Parent,ADA,Cardano,addr1qx334uune89md8qv3tpg448yx2tnzvuprls9qds2xq80nnk7fxdtuqk56k5aueh6yu2qz6gm56wj8ttyhnyrw9e8fh4qmpxeze
ADA Fireblocks Parent,ADA,Cardano,addr1q9m8ay8hwdskezywmk9z7al882rz8x8hcd79wvhfc9h87gx7fxdtuqk56k5aueh6yu2qz6gm56wj8ttyhnyrw9e8fh4qqeg5gl
ADA Fireblocks Parent,ADA,Cardano,addr1q8vyynfd6s03778wzjxxhm4vh3mh8yefyvxa0ghzr95w3gk7fxdtuqk56k5aueh6yu2qz6gm56wj8ttyhnyrw9e8fh4q3uz2z8
ADA Fireblocks Parent,ADA,Cardano,addr1q8x72gy3kx7kq2f7g8e6mgxj303g5qgum9ap746n9kmfs5w7fxdtuqk56k5aueh6yu2qz6gm56wj8ttyhnyrw9e8fh4qxx8j2v
ADA Fireblocks Parent,ADA,Cardano,addr1q80ng43gumegujakqyqrfundwk3krdls3krjx8xuy9dl4nw7fxdtuqk56k5aueh6yu2qz6gm56wj8ttyhnyrw9e8fh4qtyxlsp
ADA Fireblocks Parent,ADA,Cardano,addr1q95p8c0ucn0xw6lk39k7lee54zy4xhggc22wdfdflm7prf77fxdtuqk56k5aueh6yu2qz6gm56wj8ttyhnyrw9e8fh4q4xfkwu
ADA Fireblocks Parent,ADA,Cardano,addr1q9t3deu2dxwcs65uj7fw0x96r7j6zvgaaunam9vr8a4s07x7fxdtuqk56k5aueh6yu2qz6gm56wj8ttyhnyrw9e8fh4qnw63vv
ADA Fireblocks Parent,ADA,Cardano,addr1qxcvcdg4zv40n0xju5ecy86tp740knq5e7zcnmlksu6ddpw7fxdtuqk56k5aueh6yu2qz6gm56wj8ttyhnyrw9e8fh4q5uzv87
ADA Fireblocks Parent,ADA,Cardano,addr1qx6txxvuunpwehwa9spm6hm5q02m3aqwa9kfj8masew3jlw7fxdtuqk56k5aueh6yu2qz6gm56wj8ttyhnyrw9e8fh4q7eg662
ADA Fireblocks Parent,ADA,Cardano,addr1q9fxw3qzd6z64xd6ck7xpz43m6cw3jlhdfeeqzg4j4jg0zx7fxdtuqk56k5aueh6yu2qz6gm56wj8ttyhnyrw9e8fh4qks477d
ADA Fireblocks Parent,ADA,Cardano,addr1qylxvv0k4vfqghd0u0tgy6v3ddnsvd0e9kc40cv0wle64r77fxdtuqk56k5aueh6yu2qz6gm56wj8ttyhnyrw9e8fh4qnrrwhd
ADA Fireblocks Parent,ADA,Cardano,addr1qxuknl0y5wa6px0n5jk22nx7xps06y4r0sp3skrt084p7s77fxdtuqk56k5aueh6yu2qz6gm56wj8ttyhnyrw9e8fh4q6l5vu2
ADA Fireblocks Parent,ADA,Cardano,addr1qyy56v59urkf7dd54grsrhqh5ffe566l8egvrne00537yjw7fxdtuqk56k5aueh6yu2qz6gm56wj8ttyhnyrw9e8fh4qjqvg6m
ADA Fireblocks Parent,ADA,Cardano,addr1q96m2hmmpd5uzj7ly3pl7ryd99zc58zmafr89ph29j7774k7fxdtuqk56k5aueh6yu2qz6gm56wj8ttyhnyrw9e8fh4qkk2w7q
ADA Fireblocks Parent,ADA,Cardano,addr1q93ntpgqxjs8ddvz0ry7wvdhep3a6s24lpt9u2w075dquwx7fxdtuqk56k5aueh6yu2qz6gm56wj8ttyhnyrw9e8fh4qz0yn2u
ADA Fireblocks Parent,ADA,Cardano,addr1qyg2s2ek0x9xzjqukndwv9nmq4lu54rz8jrrkvlxe2j2w3w7fxdtuqk56k5aueh6yu2qz6gm56wj8ttyhnyrw9e8fh4qs9e222
ADA Fireblocks Parent,ADA,Cardano,addr1qy4f50kan5ypca0exjkmhutcy4j72g7f8yrjaeju5p955vw7fxdtuqk56k5aueh6yu2qz6gm56wj8ttyhnyrw9e8fh4qnnajxg
ADA Fireblocks Parent,ADA,Cardano,addr1qxvykyu5ylgtf2a65jwsvdysf279a28d3ht7wnpxyweqcex7fxdtuqk56k5aueh6yu2qz6gm56wj8ttyhnyrw9e8fh4qva409m
ADA Fireblocks Parent,ADA,Cardano,addr1q8326h9l57x9zkc030htptdrha53s2ffq5f9ud069swmcgk7fxdtuqk56k5aueh6yu2qz6gm56wj8ttyhnyrw9e8fh4qm305f5
ADA Fireblocks Parent,ADA,Cardano,addr1qyc7gaa84t2259fecdywqq7uyq5mc0vc5klgduz8fcgpd5x7fxdtuqk56k5aueh6yu2qz6gm56wj8ttyhnyrw9e8fh4qsanjm9
ADA Fireblocks Parent,ADA,Cardano,addr1q85uxmlf4e4r7crfxsgmvcqgfya4pjx5yeclp50l6a6n9q77fxdtuqk56k5aueh6yu2qz6gm56wj8ttyhnyrw9e8fh4qhzjqpj
ADA Fireblocks Parent,ADA,Cardano,addr1q9rugx54atsas9mds4ca4xdwaxvzjcfwa5cm0tmak3lskkx7fxdtuqk56k5aueh6yu2qz6gm56wj8ttyhnyrw9e8fh4qgzxxsk
ADA Fireblocks Parent,ADA,Cardano,addr1q8uypa779mhxhjmu2y78rlppme9guhwwjkycqvns3k8jmkx7fxdtuqk56k5aueh6yu2qz6gm56wj8ttyhnyrw9e8fh4q9mlazp
ADA Fireblocks Parent,ADA,Cardano,addr1q8w86w22pk5rmzrsufgfpsqppltj5xcdphag3svyl6jn56w7fxdtuqk56k5aueh6yu2qz6gm56wj8ttyhnyrw9e8fh4qjctm6z
ADA Fireblocks Parent,ADA,Cardano,addr1q8tfue866r7h0w8cvht3uumwhmryqfwsgv3sq26ja2cauj77fxdtuqk56k5aueh6yu2qz6gm56wj8ttyhnyrw9e8fh4qv0pkfe
ADA Fireblocks Parent,ADA,Cardano,addr1q8mdrkepg5ey7v4aanelc9al8gmf4mmyhrfeedpx0wq86uw7fxdtuqk56k5aueh6yu2qz6gm56wj8ttyhnyrw9e8fh4q6h7yk0
ADA Fireblocks Parent,ADA,Cardano,addr1qx7yqz47wnzzw9u0505hhfhpu2yejgpwphmfn2m4edzg03k7fxdtuqk56k5aueh6yu2qz6gm56wj8ttyhnyrw9e8fh4qghlkpf
ADA Fireblocks Parent,ADA,Cardano,addr1q9pnn4c7gtxsr9n0meaug8c3nwwn9exs82t3y2wrw9ht49k7fxdtuqk56k5aueh6yu2qz6gm56wj8ttyhnyrw9e8fh4qdtrvql
ADA Fireblocks Parent,ADA,Cardano,addr1qxgfdwmqlkvk8mpax6n0379294qkgaysgn9vypma4wrhs9w7fxdtuqk56k5aueh6yu2qz6gm56wj8ttyhnyrw9e8fh4qx47a6v
ADA Fireblocks Parent,ADA,Cardano,addr1q9l3xj6vmss2ae5nmu8tqqekyz2vjhw8vjnnnqt7rpaj8f77fxdtuqk56k5aueh6yu2qz6gm56wj8ttyhnyrw9e8fh4q78qc3s
ADA Fireblocks Parent,ADA,Cardano,addr1qy80cvrp24u4mmj8nl5hah6erjqa5du7vx30azstd97pjck7fxdtuqk56k5aueh6yu2qz6gm56wj8ttyhnyrw9e8fh4qqatra4
ADA Fireblocks USA,ADA,Cardano,addr1qyg4z62t5vy8wqhr930hqvt263t4u54f0tjfkan2zykuz52ksd9hxhrcl5mff7q3kn4g423dakdtjl5dm0c5qxz7puzsx095tq
ADA Fireblocks USA,ADA,Cardano,addr1q92qr5647n4japuwurq8uv0cuhdt872megesdlr3eystyc6ksd9hxhrcl5mff7q3kn4g423dakdtjl5dm0c5qxz7puzsctw3w9
ADA Fireblocks USA,ADA,Cardano,addr1q9f5059jkv8mr2euv7vavhwgsx69qjesr3kn856yw432d96ksd9hxhrcl5mff7q3kn4g423dakdtjl5dm0c5qxz7puzsx5an7t
ADA Fireblocks USA,ADA,Cardano,addr1q897jqnl7rnf9pq0m649k26m5jmdcu8ynj6rjfvd47vptczksd9hxhrcl5mff7q3kn4g423dakdtjl5dm0c5qxz7puzsqtld23
ADA Fireblocks USA,ADA,Cardano,addr1q8mpp087yywfptnqp2qpcl47zdvll2cuzwqj8j42k3nzxxzksd9hxhrcl5mff7q3kn4g423dakdtjl5dm0c5qxz7puzs4drd59
ADA Fireblocks USA,ADA,Cardano,addr1qxa3m9ahf4r48mah0wh3443y8k4gw3arv7aw8t9ckyz5wc2ksd9hxhrcl5mff7q3kn4g423dakdtjl5dm0c5qxz7puzsha7a3l
ADA Fireblocks USA,ADA,Cardano,addr1q8f3hryv0fxqfwh59s5uhzyac5q9dv4f4vrgmth85nce3c2ksd9hxhrcl5mff7q3kn4g423dakdtjl5dm0c5qxz7puzsyyyhu0
ADA Fireblocks USA,ADA,Cardano,addr1qy0hlslzdp9gz8qxf7wp0te896d6adpp36tygwqmy0pe76zksd9hxhrcl5mff7q3kn4g423dakdtjl5dm0c5qxz7puzs3p9ag4
ADA Fireblocks USA,ADA,Cardano,addr1qy0tdf2thpgju2jptjejws7vz52qkuwffmw0jafmmnxu87zksd9hxhrcl5mff7q3kn4g423dakdtjl5dm0c5qxz7puzs5s04zx
ADA Fireblocks USA,ADA,Cardano,addr1q8lkd6jlc3hp366vc687w8ue5gmj9jcgjkuekn7mht26hajksd9hxhrcl5mff7q3kn4g423dakdtjl5dm0c5qxz7puzsfv22gl
ADA Fireblocks USA,ADA,Cardano,addr1qx98hajm3lljt3hs3xgjhvnf794vsncsj7f3xtgj088tlu2ksd9hxhrcl5mff7q3kn4g423dakdtjl5dm0c5qxz7puzsxtgjtv
ADA Fireblocks USA,ADA,Cardano,addr1q84u6ha057fu2aec2hxnt0k0ljy2yzagganmxqc0hqyc7qzksd9hxhrcl5mff7q3kn4g423dakdtjl5dm0c5qxz7puzs5zzfaw
ADA Fireblocks USA,ADA,Cardano,addr1q908jc7ur304f4vdav9fh84zmhlgm3gtsx35swfmcxahx56ksd9hxhrcl5mff7q3kn4g423dakdtjl5dm0c5qxz7puzsr0v93m
ADA Fireblocks USA,ADA,Cardano,addr1q8kyx665w8sdhraewr7qcs3p49rquevx7z3psq5ayl08qc2ksd9hxhrcl5mff7q3kn4g423dakdtjl5dm0c5qxz7puzsdcc5lh
ADA Fireblocks USA,ADA,Cardano,addr1qx2xkg3d84txykfc7tzz9s9yuhzmxztr0qhjxhvt4he42m6ksd9hxhrcl5mff7q3kn4g423dakdtjl5dm0c5qxz7puzsjump37
ADA Fireblocks USA,ADA,Cardano,addr1qy5a52swt6mjhk4rwc9xqgrkmkuxd48wp3ty0208x9k2fjjksd9hxhrcl5mff7q3kn4g423dakdtjl5dm0c5qxz7puzsnyncvk
ADA Fireblocks USA,ADA,Cardano,addr1q8yre002hhk6qjw27eu330p466xq97p8wvf8qtldqmuxmnzksd9hxhrcl5mff7q3kn4g423dakdtjl5dm0c5qxz7puzssh4zsa
ADA Fireblocks USA,ADA,Cardano,addr1q9d9jjejuf75lupg3gqrj09qh9jmuyrp5dzcn93a4hkh7n6ksd9hxhrcl5mff7q3kn4g423dakdtjl5dm0c5qxz7puzsd6eyh2
ADA Fireblocks USA,ADA,Cardano,addr1qxf5vqvyhnq2gvyteqek3kd45f9xk6f96kalcy8v7y6nq72ksd9hxhrcl5mff7q3kn4g423dakdtjl5dm0c5qxz7puzs8sspqp
ADA Fireblocks USA,ADA,Cardano,addr1qy7gu2wn35lhjaskx3jjyeadq8682qeexldnfyzzxx4a9djksd9hxhrcl5mff7q3kn4g423dakdtjl5dm0c5qxz7puzseplh3k
ADA Fireblocks USA,ADA,Cardano,addr1qyxwe2u4jkfx7zcrzy3pyx9he4h2vt04499talmxjd3lx96ksd9hxhrcl5mff7q3kn4g423dakdtjl5dm0c5qxz7puzsz42x36
ADA Fireblocks USA,ADA,Cardano,addr1qxv684k28c2cvjvnhgw8hhs84qm5ee2agrmqt2jheuqwktzksd9hxhrcl5mff7q3kn4g423dakdtjl5dm0c5qxz7puzshn3rzm
ADA Fireblocks USA,ADA,Cardano,addr1q85r86tlku28m6h9t6mr6snd6ez9ac9a0seryrmaz8c32y2ksd9hxhrcl5mff7q3kn4g423dakdtjl5dm0c5qxz7puzsjn30jr
ADA Fireblocks USA,ADA,Cardano,addr1q9xlwcdjxwdtvv8cnqpq6cgpd4gs623u74998zff55yrl96ksd9hxhrcl5mff7q3kn4g423dakdtjl5dm0c5qxz7puzs9ue76g
ADA Fireblocks USA,ADA,Cardano,addr1q8f2vrqu8wngstc5u9amn9c80stu84zfuz3076jeu650zp6ksd9hxhrcl5mff7q3kn4g423dakdtjl5dm0c5qxz7puzs0s070p
ADA Fireblocks USA,ADA,Cardano,addr1qxkjclenrgx6rynnf9lyx7gdzkq067ywv4hwh6ymhh2uxj2ksd9hxhrcl5mff7q3kn4g423dakdtjl5dm0c5qxz7puzserzl29
ADA Fireblocks USA,ADA,Cardano,addr1qy2h5lgjwmru2wk3wvlveunufeqn9rgf6fzcwny2q6sjcq6ksd9hxhrcl5mff7q3kn4g423dakdtjl5dm0c5qxz7puzsvvp2pc
ADA Fireblocks USA,ADA,Cardano,addr1q9y5fl6ped6pd9ay2j6c43v2mp8fqmkr000j3l5pd2rppqzksd9hxhrcl5mff7q3kn4g423dakdtjl5dm0c5qxz7puzsdlwadc
ADA Fireblocks USA,ADA,Cardano,addr1qyemfx5gl9ksdmgy8tja2c9rhfjhegne4dlxzlgcfml5gzzksd9hxhrcl5mff7q3kn4g423dakdtjl5dm0c5qxz7puzs3z3nml
ADA Fireblocks USA,ADA,Cardano,addr1q9npre3d03plzt90q339ewf948qevrlhxqa0hp5xt3cwfg2ksd9hxhrcl5mff7q3kn4g423dakdtjl5dm0c5qxz7puzs9wne55
ADA Fireblocks Securities,ADA,Cardano,addr1qyde0tj4nhtzpdcepzty3jd9k9esykvh8tz5phd45mm57644tta5xlrskhdn8ntvekjf7l7zskv0lxdaz54dcpcfnpysnxwzpr
ADA Fireblocks Securities,ADA,Cardano,addr1qxu5jp6y8qtv75rulk566f52vku8y6ghxc365j78d35d5694tta5xlrskhdn8ntvekjf7l7zskv0lxdaz54dcpcfnpyskjnwxk
ADA Fireblocks CAYMAN,ADA,Cardano,addr1q8y2mvnvyzzmc7f3a4069y06taxyjuafyhfw20x65y82d4c84adwr9qhnx2e6wgmz0zupacuz30p4e338znj4tsdkdcs55lcrd
ADA Fireblocks CAYMAN,ADA,Cardano,addr1q83e4fw0fc0d3z07had7w3zfmfrkvg6cukwk4q9mvd7ax9g84adwr9qhnx2e6wgmz0zupacuz30p4e338znj4tsdkdcs2cm45z
ADA Fireblocks CAYMAN,ADA,Cardano,addr1q9amaqqq8sxaavkfrmcv4z6n92qpnuzzc06vev56e47jtks84adwr9qhnx2e6wgmz0zupacuz30p4e338znj4tsdkdcsqqymnw
ADA Fireblocks CAYMAN,ADA,Cardano,addr1qys9fzuv673ltfw2hlu2u66vta0q8hs59wylffaxf4nymrq84adwr9qhnx2e6wgmz0zupacuz30p4e338znj4tsdkdcssvx9fa
ADA Fireblocks CAYMAN,ADA,Cardano,addr1qxxnr56uf2k8pkas76lfsdvl6mxmafm9hdsupwvu8ryc7ng84adwr9qhnx2e6wgmz0zupacuz30p4e338znj4tsdkdcsx5jyyy
ADA Fireblocks CAYMAN,ADA,Cardano,addr1qx9eg3twzpn3gkq2lrjt8y6yxfmm6pv3cggfctw8htsg2qs84adwr9qhnx2e6wgmz0zupacuz30p4e338znj4tsdkdcscsds5u
ADA Fireblocks CAYMAN,ADA,Cardano,addr1q8shqlmadyft3ych8zzt0jvyrc3fnkjn2z06nm5wtrd3xps84adwr9qhnx2e6wgmz0zupacuz30p4e338znj4tsdkdcsgqsks0
ADA Fireblocks CAYMAN,ADA,Cardano,addr1qyr0p3vf8ug4seuuvz6ek0ttwyz7v5ljtp3luye7wl5ypjq84adwr9qhnx2e6wgmz0zupacuz30p4e338znj4tsdkdcs7350pa
ADA Fireblocks CAYMAN,ADA,Cardano,addr1qxpm0mq4rqled8gahjj92xqun8g3xq9n527uqwgemlyz80s84adwr9qhnx2e6wgmz0zupacuz30p4e338znj4tsdkdcsng368e
ADA Fireblocks CAYMAN,ADA,Cardano,addr1q9se8nyd3s469r7wqeqlcjc25kn7tcwde6uxenvrdyhemlg84adwr9qhnx2e6wgmz0zupacuz30p4e338znj4tsdkdcse5hp73
ADA Fireblocks CAYMAN,ADA,Cardano,addr1qxssmewqs2a675hda5u5wqn28aws7tqeaw3squ9vhuecmvg84adwr9qhnx2e6wgmz0zupacuz30p4e338znj4tsdkdcsldndfr
ADA Fireblocks CAYMAN,ADA,Cardano,addr1qy5f7q53d3rcpn8eaw72aq247s70j2v9w63ndrg0dhkfygq84adwr9qhnx2e6wgmz0zupacuz30p4e338znj4tsdkdcsfdkuuy
ADA Fireblocks CAYMAN,ADA,Cardano,addr1q9qguc3yx3j0svcd2fg7ck9pvzsd3nmchqynsze9x4mqswg84adwr9qhnx2e6wgmz0zupacuz30p4e338znj4tsdkdcs2629y7
ADA Fireblocks CAYMAN,ADA,Cardano,addr1q8r7hwcy29wxz9szezxtw2gtchxadgy88ghmwslgnnckx3g84adwr9qhnx2e6wgmz0zupacuz30p4e338znj4tsdkdcscp73tq
ADA Fireblocks CAYMAN,ADA,Cardano,addr1q95akff9m9tplss990a36z763epkqjaaztthppcwtlk5pks84adwr9qhnx2e6wgmz0zupacuz30p4e338znj4tsdkdcs09qeqg
ADA Fireblocks CAYMAN,ADA,Cardano,addr1q8kjcc5v0sx84uzxj3ejckf5gg0nkvfa5v3zka258u4jnsc84adwr9qhnx2e6wgmz0zupacuz30p4e338znj4tsdkdcs06aqa8
ADA Fireblocks CAYMAN,ADA,Cardano,addr1qylrp3fmjfwaythrl94d0ws4jc5h3uktqyyvnp8mm2mlc9g84adwr9qhnx2e6wgmz0zupacuz30p4e338znj4tsdkdcs700fnp
ADA Fireblocks CAYMAN,ADA,Cardano,addr1qy3av8d9h8cvaerr84230gdp3x78anaaeqnpjacz0ejjh9g84adwr9qhnx2e6wgmz0zupacuz30p4e338znj4tsdkdcs6n2k50
ADA Fireblocks CAYMAN,ADA,Cardano,addr1q99xzpzj9qj06gh4ehuawun8wcjjjfr9ggxyuxqxxljcheg84adwr9qhnx2e6wgmz0zupacuz30p4e338znj4tsdkdcs4z4tmk
ADA Fireblocks CAYMAN,ADA,Cardano,addr1q869f84wds7t6wft8lzhtyfkfzq5jyczndha53zqld4895g84adwr9qhnx2e6wgmz0zupacuz30p4e338znj4tsdkdcsptdl89
ADA Fireblocks CAYMAN,ADA,Cardano,addr1q9ar7whq70h87ewy5ndfg4qggdwfxsfwmy5mtt9frvpk4zg84adwr9qhnx2e6wgmz0zupacuz30p4e338znj4tsdkdcsrr9dtg
ADA Fireblocks CAYMAN,ADA,Cardano,addr1qxufdpxmegw0xer7c5qth3lufs4ja7nrqwu0lyea87zjaes84adwr9qhnx2e6wgmz0zupacuz30p4e338znj4tsdkdcs2y6s0g
ADA Fireblocks CAYMAN,ADA,Cardano,addr1q9w39naj8nv4h3lr860t6eq3ru9s66z6gu6u57dzsqfzxtq84adwr9qhnx2e6wgmz0zupacuz30p4e338znj4tsdkdcsuua4t5
ADA Fireblocks CAYMAN,ADA,Cardano,addr1q8kwdalndx33mphxxcrtregrzuhlt8q8rwaedaehckmpdqq84adwr9qhnx2e6wgmz0zupacuz30p4e338znj4tsdkdcsy9vgr2
ADA Fireblocks CAYMAN,ADA,Cardano,addr1q9ctuhf5e26erlrmgg8w3s3t2mmxv5h3asjsgef5cxd362q84adwr9qhnx2e6wgmz0zupacuz30p4e338znj4tsdkdcswvzd3w
ADA Fireblocks CAYMAN,ADA,Cardano,addr1qxywz4azengl4kprmvvhu34ckzsnn3g3k75m5hdphuk53eg84adwr9qhnx2e6wgmz0zupacuz30p4e338znj4tsdkdcsvu9lyh
ADA Fireblocks CAYMAN,ADA,Cardano,addr1q9fdgscv90zdzy2nmfftn8my7wzaunfdp6kwxnewhs6jhnc84adwr9qhnx2e6wgmz0zupacuz30p4e338znj4tsdkdcsfqrp9p
ADA Fireblocks CAYMAN,ADA,Cardano,addr1qy38z3arpyhzy2w660uu333jadzmz50jwacr3th2pwpha4q84adwr9qhnx2e6wgmz0zupacuz30p4e338znj4tsdkdcspz9hlj
ADA Fireblocks CAYMAN,ADA,Cardano,addr1q90mkd7f6g4lvgjnccvpnyajgsac2strjzj38dwt0u8fg3q84adwr9qhnx2e6wgmz0zupacuz30p4e338znj4tsdkdcsmxdd9t
ADA Fireblocks CAYMAN,ADA,Cardano,addr1q9eqtgtyycd7x2rwpa4u5kf54yzldjn5z8lkd8sahud4mes84adwr9qhnx2e6wgmz0zupacuz30p4e338znj4tsdkdcsadd8dj
ADA Fireblocks CAYMAN,ADA,Cardano,addr1qxnhk34sf5tq7csz25khxt983qlwnds63uxuxdwlckj5jps84adwr9qhnx2e6wgmz0zupacuz30p4e338znj4tsdkdcstk3urz
ADA Fireblocks CAYMAN,ADA,Cardano,addr1qy0wcl85ap92s8xw9vrt2wj0s0xng93upgufn55pej9h4dc84adwr9qhnx2e6wgmz0zupacuz30p4e338znj4tsdkdcstz7p92
ADA Fireblocks CAYMAN,ADA,Cardano,addr1q8xy725fe28m6772cc7dwzz7d64xck8n29l56qftx9rrqlc84adwr9qhnx2e6wgmz0zupacuz30p4e338znj4tsdkdcs5vpeep
ADA Fireblocks CAYMAN,ADA,Cardano,addr1qyeq2d9qukxf8ehk3284athqck8pqxchaac3wll2avnzjtc84adwr9qhnx2e6wgmz0zupacuz30p4e338znj4tsdkdcs0zdshm
ADA Fireblocks CAYMAN,ADA,Cardano,addr1q9w2p3352u2j3djfmunqqwfrjzg8n8hmnj9gy9g98vw6h4s84adwr9qhnx2e6wgmz0zupacuz30p4e338znj4tsdkdcs4tn0wp
ADA Fireblocks CAYMAN,ADA,Cardano,addr1q9sa706csrqpzkh96h37d2gm7xvyjagl0uughtpp0juhj5g84adwr9qhnx2e6wgmz0zupacuz30p4e338znj4tsdkdcs3v2uu8
ADA Fireblocks CAYMAN,ADA,Cardano,addr1q878sya95l5yehyjcfgznlpmda7euk52a575j0wfjqwwgzc84adwr9qhnx2e6wgmz0zupacuz30p4e338znj4tsdkdcs2kma9s
ADA Fireblocks CAYMAN,ADA,Cardano,addr1qxa5wsa66hdgevxudr80rzzs0rmls6q3k5sjrrt8lv9hzgs84adwr9qhnx2e6wgmz0zupacuz30p4e338znj4tsdkdcs22ykwu
ADA Fireblocks CAYMAN,ADA,Cardano,addr1q8k85mfl96wkep4ewxwzhacczxskactnh0v4aq8ut8vr8aq84adwr9qhnx2e6wgmz0zupacuz30p4e338znj4tsdkdcsapdvdp
ADA Fireblocks CAYMAN,ADA,Cardano,addr1q98stnkwpky297harglpduksxldfekh54v4djkwg2akejcc84adwr9qhnx2e6wgmz0zupacuz30p4e338znj4tsdkdcs5gesuy
ADA Fireblocks CAYMAN,ADA,Cardano,addr1q8m0l23a00kf2szwmty5zkhrljutjfwuv00q5h9gm5xkeeg84adwr9qhnx2e6wgmz0zupacuz30p4e338znj4tsdkdcsmalatc
ADA Fireblocks CAYMAN,ADA,Cardano,addr1qx4prlcy60qdrq44nc0qv2fnw0hxskj0m728e4cn6q9sauc84adwr9qhnx2e6wgmz0zupacuz30p4e338znj4tsdkdcsm0jqlz
ADA Fireblocks CAYMAN,ADA,Cardano,addr1q93pwqgw5pyh3fhhv7d9ahhjrhx5ylzypq2zeysnml9vgqc84adwr9qhnx2e6wgmz0zupacuz30p4e338znj4tsdkdcstp5xjs
ADA Fireblocks CAYMAN,ADA,Cardano,addr1q8v9pu07ndtay0pyjcecw8fnvgdtpmgh68esvzgx8c456ms84adwr9qhnx2e6wgmz0zupacuz30p4e338znj4tsdkdcs64vuft
ADA Fireblocks CAYMAN,ADA,Cardano,addr1qx7t0k5zkvgvadj937j93xme4w9nnkqc6h08sdjw0x6g43c84adwr9qhnx2e6wgmz0zupacuz30p4e338znj4tsdkdcs7jqda3
ADA Fireblocks CAYMAN,ADA,Cardano,addr1q9ywceuvn99qp788p662xshjfvrw92uw93tm4ud5kcvk2tc84adwr9qhnx2e6wgmz0zupacuz30p4e338znj4tsdkdcs6rl5f4
ADA Fireblocks CAYMAN,ADA,Cardano,addr1qxl28u7k4ch7dzgdqny98qq8yaswv4as9gdzl0s9zw96l2q84adwr9qhnx2e6wgmz0zupacuz30p4e338znj4tsdkdcswctdll
ADA Fireblocks CAYMAN,ADA,Cardano,addr1qxlzk9qd7fkkjkkwfymrru664tx8xc2as5378arvw8fdenq84adwr9qhnx2e6wgmz0zupacuz30p4e338znj4tsdkdcsvf6p0a
ADA Fireblocks CAYMAN,ADA,Cardano,addr1qy2cweflvkp5rm0ut5cpxlghtugg4c42cau54xet34zw0ps84adwr9qhnx2e6wgmz0zupacuz30p4e338znj4tsdkdcste3wc2
ADA Fireblocks CAYMAN,ADA,Cardano,addr1qxzp7n2avrj2l2c0p4dn5pql94mj0zwu3pas5e5weqz4m2s84adwr9qhnx2e6wgmz0zupacuz30p4e338znj4tsdkdcs9dya7d
ADA Fireblocks CAYMAN,ADA,Cardano,addr1q9t3ha3tpvj60w6tmhm9cvslq2lg8jrjraxtyczrtxjfrfc84adwr9qhnx2e6wgmz0zupacuz30p4e338znj4tsdkdcs8m86p5
ADA Fireblocks CAYMAN,ADA,Cardano,addr1qxjdxu8fpwdsvapeflunhu9ryp84xm0ylzj8wgjdpa270aq84adwr9qhnx2e6wgmz0zupacuz30p4e338znj4tsdkdcstsu4al
ADA Fireblocks CAYMAN,ADA,Cardano,addr1qxa9nmc4lgd0vuepx242r45mx9yqf4lhxhlp64dx4ad527q84adwr9qhnx2e6wgmz0zupacuz30p4e338znj4tsdkdcsqjcyn3
ADA Fireblocks CAYMAN,ADA,Cardano,addr1qxkn57uzfmjq34hmru648sgm343jrgad83y8av7t0tjtdpq84adwr9qhnx2e6wgmz0zupacuz30p4e338znj4tsdkdcs2dxlv0
ADA Fireblocks CAYMAN,ADA,Cardano,addr1qxwtx2tntfntqsk6av75k8lgkhaz8026xpnhr63vktp08tq84adwr9qhnx2e6wgmz0zupacuz30p4e338znj4tsdkdcsp3axf2
ADA Fireblocks CAYMAN,ADA,Cardano,addr1qxvvyczfx6cvvzhzd67wt7rtevlaygxquehulkzexl7vwgc84adwr9qhnx2e6wgmz0zupacuz30p4e338znj4tsdkdcs4x8rx6
ADA Fireblocks CAYMAN,ADA,Cardano,addr1q8pl4ml3nrcs0a40hfupkq35czdyg5339m28t35w0ptkv3g84adwr9qhnx2e6wgmz0zupacuz30p4e338znj4tsdkdcslccfk3
ADA Fireblocks CAYMAN,ADA,Cardano,addr1q885khvp6vht8x0gqg7rmctcrcep2ul8e8eqhpcfj5dwm6q84adwr9qhnx2e6wgmz0zupacuz30p4e338znj4tsdkdcsq5yr9q
ADA Fireblocks CAYMAN,ADA,Cardano,addr1qxtravv44hp34jlak2fvtf3a37ts6hhvv270lv409e2le2c84adwr9qhnx2e6wgmz0zupacuz30p4e338znj4tsdkdcsqccqeg
ADA Fireblocks CAYMAN,ADA,Cardano,addr1q9zdugvnzx58jnu933jmzvhcrgkpkmjh2xefj966utkk2uq84adwr9qhnx2e6wgmz0zupacuz30p4e338znj4tsdkdcskmphml
ADA Fireblocks CAYMAN,ADA,Cardano,addr1q9ezg6lneqk5p3q4h9v9c83djrnsqvntteekq4qwrkyetjc84adwr9qhnx2e6wgmz0zupacuz30p4e338znj4tsdkdcsdk2nd4
ADA Fireblocks CAYMAN,ADA,Cardano,addr1qyf8heucus37l4qe4jp9rau2ew9r9dkl5xewf52m8z4cdjg84adwr9qhnx2e6wgmz0zupacuz30p4e338znj4tsdkdcslptxq9
ADA Fireblocks CAYMAN,ADA,Cardano,addr1q9nqepyt6tk38lhs3ymljjftcswrfduwee3xvs23tt862ac84adwr9qhnx2e6wgmz0zupacuz30p4e338znj4tsdkdcswtcx0d
ADA Fireblocks CAYMAN,ADA,Cardano,addr1q9y56uew5pptgkd3cllpq2zac6p0anmpzudj605vheus8dg84adwr9qhnx2e6wgmz0zupacuz30p4e338znj4tsdkdcs8zkrrx
ADA Fireblocks CAYMAN,ADA,Cardano,addr1qx07pd5gvy6mk0lujeh0uqms6l4g4yjjuyjxz2fl3t9l6fc84adwr9qhnx2e6wgmz0zupacuz30p4e338znj4tsdkdcscqvuv2
ADA Fireblocks CAYMAN,ADA,Cardano,addr1q86jdv3h8eqazqk5n4kr3qhwm403et3kc94tjqq2684fplc84adwr9qhnx2e6wgmz0zupacuz30p4e338znj4tsdkdcsjp4d74
ADA Fireblocks CAYMAN,ADA,Cardano,addr1qxeln0lg6w2kfcuslxh9983hx0awnhhphj02p8d729y7uzg84adwr9qhnx2e6wgmz0zupacuz30p4e338znj4tsdkdcs8077us
ADA Fireblocks CAYMAN,ADA,Cardano,addr1q849673j4n5e5m6q62qsqkhkrj7rucstvv9p8lk2596akqs84adwr9qhnx2e6wgmz0zupacuz30p4e338znj4tsdkdcsf05k3m
ADA Fireblocks CAYMAN,ADA,Cardano,addr1qy2jpzqqv3wqpgwrds389rwawrdw0xr9qspm9r4upa60wdg84adwr9qhnx2e6wgmz0zupacuz30p4e338znj4tsdkdcstwvy8g
ADA Fireblocks CAYMAN,ADA,Cardano,addr1qx0cwgdzctzuvxlut02ctnwavva3pgc5wn6r3psvxcneatq84adwr9qhnx2e6wgmz0zupacuz30p4e338znj4tsdkdcsw2v4c7
ADA Fireblocks CAYMAN,ADA,Cardano,addr1q9x59vykqklxl5zam79gfg5ufh4yvf72rn62hrzcage9n6g84adwr9qhnx2e6wgmz0zupacuz30p4e338znj4tsdkdcsyff23t
ADA Fireblocks CAYMAN,ADA,Cardano,addr1qyqcj7p4syvvyhd65e6uftn0h99mpruyk0eznxq6rwdmjns84adwr9qhnx2e6wgmz0zupacuz30p4e338znj4tsdkdcsxfhwtc
ADA Fireblocks CAYMAN,ADA,Cardano,addr1q996d3dgkg8746502swdz9lzke88jsffynunfjjflu6jhvs84adwr9qhnx2e6wgmz0zupacuz30p4e338znj4tsdkdcsgn6q9u
ADA Fireblocks CAYMAN,ADA,Cardano,addr1qxd65xvufzrn98d9rza7lndeyezluct9kf7kxcwlrwgnvug84adwr9qhnx2e6wgmz0zupacuz30p4e338znj4tsdkdcsx2aerv
ADA Fireblocks CAYMAN,ADA,Cardano,addr1qyk27h5wujftwjxxpg656wldj4pdfm3lyfld6qp04pwxkrq84adwr9qhnx2e6wgmz0zupacuz30p4e338znj4tsdkdcsrzxg7p
ADA Fireblocks CAYMAN,ADA,Cardano,addr1q9t4n2v8wumnnf6eflaq9fwgtwxl8lp9mhqh5v96xgan53q84adwr9qhnx2e6wgmz0zupacuz30p4e338znj4tsdkdcsxvu5hv
ADA Fireblocks CAYMAN,ADA,Cardano,addr1qyne4efa3dz7pps25mdd9z369l3wushzu4ygrswjk63a3ug84adwr9qhnx2e6wgmz0zupacuz30p4e338znj4tsdkdcsen2uh2
ADA Fireblocks CAYMAN,ADA,Cardano,addr1q9s0gxn4s6eth8jszn9amzgna5cvra6fzqt4f9y0v3lpuuq84adwr9qhnx2e6wgmz0zupacuz30p4e338znj4tsdkdcse5qcev
ADA Fireblocks CAYMAN,ADA,Cardano,addr1q9axnmgmcclkdhwvtj2un982g365pv206w4scyga577gukg84adwr9qhnx2e6wgmz0zupacuz30p4e338znj4tsdkdcspyrpnp
ADA Fireblocks Parent (Staking),ADA,Cardano,addr1qy3pdelhk5qgmpy9wjnfs6y72hycswt2apj83m45hqc927n59qr6qhyxuvgjras4sy7mgjtgqkl2lenhks48lunlcv5surur8p
ADA Fireblocks Parent (HRP),ADA,Cardano,addr1q8x8qpsuw23u7vc8w6lktk3dfwg0zgucjpwf7dqd4dv3wmpuy7zhy006vzfhp2ajr3eagd58j5nvtkjr5hp3v98e4jqqpv99gr
ADA Fireblocks Parent (HRP),ADA,Cardano,addr1qxqk480k3v0cktsuwp0cesky4wzceqn998um95jh23g4eweuy7zhy006vzfhp2ajr3eagd58j5nvtkjr5hp3v98e4jqq0uvlq4
ADA Fireblocks Parent (HRP),ADA,Cardano,addr1qx7t7u2xnzd9ze8kft4zf6nlgf7dq0n4s5fj32rv3xp8r9fuy7zhy006vzfhp2ajr3eagd58j5nvtkjr5hp3v98e4jqqy0a7j0
ADA Fireblocks Parent,ADA,Cardano,addr1q9thsd5mpzaarpfz4plkknn8stup769gmax7mcxa3eyr35w7fxdtuqk56k5aueh6yu2qz6gm56wj8ttyhnyrw9e8fh4qek0l9u
ADA Fireblocks B2C2 Lux,ADA,Cardano,addr1qx7yfntgycarl6gchwmtql53sazaevj8p60fqaq2lkssuaqz8gt9gncwydda5c935tqsax5tv8p5exr2d3mq6a8av4sqxm3ffm
ADA Fireblocks B2C2 Lux,ADA,Cardano,addr1qye4r2sf2f57nhxvn0d0pyur3kuyaychepj9p9qw2p3mmasz8gt9gncwydda5c935tqsax5tv8p5exr2d3mq6a8av4sq7lqujx
ADA Fireblocks B2C2 Lux,ADA,Cardano,addr1q8h4wywhyzh2g5wez4k5l7dt4cce50pezw2xuqcu5nhusscz8gt9gncwydda5c935tqsax5tv8p5exr2d3mq6a8av4sqhhadwv
ADA Fireblocks CAYMAN,ADA,Cardano,addr1q96a34mq9stn5sjl3y9ffrc5u95me9rqe0h88z4kgeyrcqq84adwr9qhnx2e6wgmz0zupacuz30p4e338znj4tsdkdcs8tguk2
ADA Fireblocks USA,ADA,Cardano,addr1qxqfcj6jm6rymeqmtarhet5ya3vr6da5rvfz8ah5tdqyd4zksd9hxhrcl5mff7q3kn4g423dakdtjl5dm0c5qxz7puzsc95e8n
ADA Fireblocks USA,ADA,Cardano,addr1q85p2k5l0d7cmeq34gvkalfzndwe3u5y7hk5vfl3fhlld82ksd9hxhrcl5mff7q3kn4g423dakdtjl5dm0c5qxz7puzssgzvpe
ADA Fireblocks CAYMAN,ADA,Cardano,addr1qym5escxw4vxtwqtq52cc7lnzgxucl7jjxp9w60nfrjqr9q84adwr9qhnx2e6wgmz0zupacuz30p4e338znj4tsdkdcs4dqgwc
ADA Fireblocks CAYMAN,ADA,Cardano,addr1qxgg6qd5vmfauglr82kvaq3jhkqcpmuu66r3mpykywfqmzq84adwr9qhnx2e6wgmz0zupacuz30p4e338znj4tsdkdcsm87vcj
ADA Fireblocks CAYMAN,ADA,Cardano,addr1q8c5djg8c09muqru3q93chq7npqjgwtcjyyaazvvfv27lgc84adwr9qhnx2e6wgmz0zupacuz30p4e338znj4tsdkdcsn5nhms
ADA Fireblocks B2C2 Lux,ADA,Cardano,addr1qys2wvpvnctp3rnpmq9ghcnjxgdrvqd7adnmne68c3y4ejcz8gt9gncwydda5c935tqsax5tv8p5exr2d3mq6a8av4sq3604vn
ADA Fireblocks B2C2 Lux,ADA,Cardano,addr1qxhr75dz7jkq2qewk535gl79uxpemhwwhvrxa957xcy045cz8gt9gncwydda5c935tqsax5tv8p5exr2d3mq6a8av4sqv7wfw9
ADA Fireblocks CAYMAN,ADA,Cardano,addr1q8f4f6um27x6wn2h9ksep38yeyd3jnysu3spvkksdddszas84adwr9qhnx2e6wgmz0zupacuz30p4e338znj4tsdkdcsddalzf
ADA Fireblocks CAYMAN,ADA,Cardano,addr1qy9v7pltsdk708xunf8g3empp8hdgkc05ftaqeeseg5ge9c84adwr9qhnx2e6wgmz0zupacuz30p4e338znj4tsdkdcszmhxsp
ADA Fireblocks CAYMAN,ADA,Cardano,addr1qxq0cu459ljgn4f59846f0ng4g0nw3td9sp3jdw4qy5ykzc84adwr9qhnx2e6wgmz0zupacuz30p4e338znj4tsdkdcs8p8s49
ADA Fireblocks CAYMAN,ADA,Cardano,addr1q9xfyna9natgxxjt3pqfzwcljmq0ccf49dwecvggg2760eq84adwr9qhnx2e6wgmz0zupacuz30p4e338znj4tsdkdcszlkt9g